epoca,Perda de treinamento,Perda de validacao,Acuracia de treinamento,Acuracia de validacao,Tempo de treinamento,Tempo de validacao
1,0.1943040775423426,0.15290023659188778,0.921975546975547,0.9448717948717948,3:55:57,0:10:01
2,0.09428592603935343,0.18249669835234109,0.9670023107523108,0.944551282051282,3:45:13,0:09:05
3,0.042467073831537784,0.2424044683871146,0.987934362934363,0.9496794871794871,3:44:42,0:09:19
